{"cameraMode":{"drawMode":0,"name":"Shaded","section":"Shading Mode"},"sceneLighting":true,"audioPlay":false,"sceneViewState":{"m_AlwaysRefresh":false,"showFog":true,"showSkybox":true,"showFlares":true,"showImageEffects":true,"showParticleSystems":true,"showVisualEffectGraphs":true,"m_FxEnabled":true},"in2DMode":false,"pivot":{"x":-2.0199851989746095,"y":-0.38001543283462527,"z":2.6140079498291017},"rotation":{"x":-0.1747787743806839,"y":0.03750079497694969,"z":-0.006661755498498678,"w":-0.9838724732398987},"size":10.407719612121582,"orthographic":false}